model_code,car_type,trans_mode,fuel_type,branch,affiliate_code,region,trading_complex,refund,vain_effort,guarantee,selected_color,reg_month,adv_month,maker_code,class_code,car_code,grade_code
11028.0,RV,CVT,CNG,강남,205001.0,강남구,21세기중고차매매단지,N,N,N,갈색,1.0,1.0,101.0,1101.0,1101.0,0.0
11051.0,SUV,SAT,LPG,강북,205017.0,강릉시,DY카랜드,Y,Y,Y,검정색,2.0,2.0,102.0,1105.0,1104.0,1.0
11054.0,경차,기타,LPG(일반인가능),강서,205020.0,강서구,M-City 단지,,,,노랑색,3.0,3.0,,1108.0,1105.0,2.0
11080.0,대형,수동,가솔린,광주,205033.0,거제시,M모터스프라자,,,,보라색,4.0,4.0,,1109.0,1106.0,3.0
11098.0,버스,오토,가솔린+LPG,대구,205043.0,경산시,가양오토갤러리,,,,빨강색,5.0,5.0,,1111.0,1111.0,4.0
11100.0,소형,,기타,대전,205044.0,경주시,간석자동차매매단지,,,,은색,6.0,6.0,,1112.0,1112.0,5.0
11107.0,스포츠카,,디젤,부산,205049.0,계양구,강남자동차매매단지,,,,주황색,7.0,7.0,,1115.0,1113.0,6.0
11109.0,승합,,전기,수원,205051.0,고양시 덕양구,강동자동차매매단지,,,,진주색,8.0,8.0,,1116.0,1120.0,7.0
11110.0,준중형,,하이브리드(LPG),온라인사업팀,205055.0,고양시 일산동구,강릉시 개별단지,,,,초록색,9.0,9.0,,1119.0,1121.0,8.0
11111.0,중형,,하이브리드(가솔린),울산,205059.0,고양시 일산서구,거제시 개별단지,,,,파랑색,10.0,10.0,,1121.0,1122.0,9.0
11112.0,트럭,,하이브리드(디젤),인천,205062.0,광명시,거제자동차매매단지,,,,회색,11.0,11.0,,1122.0,1123.0,10.0
11114.0,특수,,,전주,205065.0,광산구,경기자동차매매단지,,,,흰색,12.0,12.0,,1124.0,1127.0,11.0
11117.0,,,,창원,205066.0,구리시,경매자동차매매단지,,,,,,,,1125.0,1128.0,12.0
11183.0,,,,청주,205068.0,군산시,경매장자동차매매단지,,,,,,,,1126.0,1129.0,13.0
11187.0,,,,,205069.0,금정구,경주자동차매매단지,,,,,,,,1127.0,1130.0,14.0
11190.0,,,,,205074.0,김포시,고양시 덕양구 개별단지,,,,,,,,1129.0,1133.0,15.0
11192.0,,,,,205079.0,김해시,고양시 일산서구 개별단지,,,,,,,,1130.0,1134.0,16.0
11195.0,,,,,205098.0,남구,광명시 개별단지,,,,,,,,1131.0,1135.0,17.0
11199.0,,,,,205099.0,남동구,광명자동차매매단지,,,,,,,,1132.0,1141.0,18.0
11215.0,,,,,205105.0,남양주시,구리시 개별단지,,,,,,,,1133.0,1142.0,20.0
11216.0,,,,,205106.0,달서구,국민차매매단지(공항점),,,,,,,,1143.0,1143.0,21.0
11227.0,,,,,205108.0,달성군,국민차매매단지(부천점),,,,,,,,1148.0,1144.0,22.0
11259.0,,,,,205109.0,담양군,군산시 개별단지,,,,,,,,1151.0,1151.0,23.0
11262.0,,,,,205110.0,대덕구,군산자동차매매단지,,,,,,,,1152.0,1152.0,24.0
11264.0,,,,,205111.0,동구,금사자동차매매단지,,,,,,,,1153.0,1155.0,25.0
11265.0,,,,,205113.0,동두천시,김해시 개별단지,,,,,,,,1154.0,1156.0,26.0
11267.0,,,,,205120.0,동해시,김해자동차매매단지,,,,,,,,1157.0,1157.0,27.0
11270.0,,,,,205122.0,목포시,깨끗한자동차매매단지,,,,,,,,1163.0,1160.0,28.0
11271.0,,,,,205123.0,밀양시,남구 개별단지,,,,,,,,1164.0,1161.0,29.0
11272.0,,,,,205125.0,부산진구,남동자동차매매단지,,,,,,,,1165.0,1162.0,31.0
11273.0,,,,,205127.0,부천시 오정구,남부매매단지,,,,,,,,1166.0,1163.0,32.0
11274.0,,,,,205129.0,부천시 원미구,남부산오토파크,,,,,,,,1168.0,1164.0,33.0
11275.0,,,,,205145.0,부평구,남부산자동차매매단지,,,,,,,,1169.0,1165.0,36.0
11276.0,,,,,205146.0,북구,남부자동차매매단지,,,,,,,,1170.0,1166.0,37.0
11312.0,,,,,205148.0,사상구,남수원자동차매매단지,,,,,,,,1171.0,1167.0,38.0
11313.0,,,,,205161.0,사천시,남양주시 개별단지,,,,,,,,1172.0,1168.0,39.0
11317.0,,,,,205170.0,사하구,뉴월드자동차매매단지,,,,,,,,1173.0,1170.0,40.0
11319.0,,,,,205175.0,삼척시,다카자동차쇼핑몰,,,,,,,,1212.0,1171.0,41.0
11321.0,,,,,205176.0,서구,달서구 개별단지,,,,,,,,1213.0,1172.0,42.0
11323.0,,,,,205179.0,성남시 분당구,달성군 개별단지,,,,,,,,1214.0,1173.0,43.0
11328.0,,,,,205181.0,성동구,담양군 개별단지,,,,,,,,1215.0,1174.0,44.0
11329.0,,,,,205187.0,속초시,대구엠월드자동차매매단지,,,,,,,,1225.0,1175.0,45.0
11334.0,,,,,205189.0,수원시 권선구,대구오토갤러리,,,,,,,,1229.0,1176.0,46.0
11338.0,,,,,205197.0,수원시 영통구,대덕구 개별단지,,,,,,,,1234.0,1192.0,47.0
11344.0,,,,,205199.0,수원시 장안구,대산자동차매매단지,,,,,,,,1236.0,1203.0,48.0
11345.0,,,,,205203.0,순천시,대잠자동차매매단지,,,,,,,,1239.0,1213.0,49.0
11346.0,,,,,205204.0,시흥시,동구 개별단지,,,,,,,,1240.0,1214.0,50.0
11350.0,,,,,205205.0,안산시 단원구,동두천시 개별단지,,,,,,,,1242.0,1215.0,51.0
11351.0,,,,,205206.0,안양시 동안구,동부자동차종합시장,,,,,,,,1246.0,1216.0,52.0
11352.0,,,,,205209.0,안양시 만안구,동안양자동차매매단지,,,,,,,,2564.0,1217.0,53.0
11353.0,,,,,205214.0,양주시,동해시 개별단지,,,,,,,,2637.0,1219.0,54.0
11354.0,,,,,205227.0,양천구,등촌자동차매매단지,,,,,,,,2650.0,1220.0,55.0
11355.0,,,,,205232.0,여수시,디오오토갤러리,,,,,,,,2657.0,1221.0,56.0
11356.0,,,,,205233.0,연제구,라성자동차매매단지,,,,,,,,2692.0,1222.0,57.0
11357.0,,,,,205235.0,영광군,마산모터스밸리,,,,,,,,2694.0,1224.0,58.0
11358.0,,,,,205241.0,영천시,마트자동차매매단지,,,,,,,,2695.0,1225.0,59.0
11359.0,,,,,205245.0,완주군,모또자동차매매단지,,,,,,,,,1229.0,60.0
11360.0,,,,,205246.0,용인시 기흥구,모빌월드매매단지,,,,,,,,,1230.0,61.0
11361.0,,,,,205248.0,용인시 처인구,목포시 개별단지,,,,,,,,,1243.0,62.0
11362.0,,,,,205249.0,원주시,밀양시 개별단지,,,,,,,,,1244.0,63.0
11363.0,,,,,205252.0,유성구,반야월매매단지,,,,,,,,,1245.0,64.0
11364.0,,,,,205254.0,의정부시,반여강변자동차매매단지,,,,,,,,,1246.0,65.0
11368.0,,,,,205262.0,이천시,번영매매단지,,,,,,,,,1247.0,66.0
11369.0,,,,,205263.0,익산시,부산자동차매매단지,,,,,,,,,1248.0,67.0
11371.0,,,,,205264.0,전주시 덕진구,부천오토파크,,,,,,,,,1249.0,68.0
11377.0,,,,,205267.0,전주시 완산구,북구 개별단지,,,,,,,,,1250.0,69.0
11382.0,,,,,205270.0,제주시,북부산단지,,,,,,,,,1251.0,70.0
11383.0,,,,,205273.0,제천시,북부자동차매매단지,,,,,,,,,1253.0,157.0
11387.0,,,,,205279.0,중구,북수원오토파크,,,,,,,,,1254.0,158.0
11388.0,,,,,205280.0,진주시,북수원종합매매단지,,,,,,,,,1255.0,159.0
11390.0,,,,,205284.0,창원시 마산회원구,북천안자동차매매단지,,,,,,,,,1256.0,161.0
11394.0,,,,,205296.0,창원시 성산구,빛고을오토갤러리,,,,,,,,,1257.0,162.0
11395.0,,,,,205303.0,창원시 의창구,사상구 개별단지,,,,,,,,,1258.0,163.0
11408.0,,,,,205306.0,천안시 동남구,사직오토랜드,,,,,,,,,1259.0,164.0
11420.0,,,,,205308.0,천안시 서북구,사천경남매매단지,,,,,,,,,1260.0,165.0
11430.0,,,,,205309.0,청주시 상당구,삼성자동차매매단지,,,,,,,,,1261.0,166.0
11433.0,,,,,205311.0,청주시 청원구,삼척시 개별단지,,,,,,,,,1262.0,167.0
11434.0,,,,,205315.0,청주시 흥덕구,새연산자동차매매단지,,,,,,,,,1352.0,168.0
11435.0,,,,,205317.0,칠곡군,서부산자동차매매단지,,,,,,,,,1367.0,169.0
11436.0,,,,,205318.0,태백시,서부자동차매매단지,,,,,,,,,1368.0,170.0
11437.0,,,,,205323.0,평택시,서서울모터리움,,,,,,,,,1372.0,171.0
11438.0,,,,,205324.0,포천시,서수원자동차매매단지,,,,,,,,,1373.0,172.0
11439.0,,,,,205327.0,포항시 남구,서이천매매단지,,,,,,,,,1385.0,173.0
11440.0,,,,,205334.0,포항시 북구,서청주자동차매매단지,,,,,,,,,1394.0,174.0
11446.0,,,,,205335.0,해운대구,성남시 분당구 개별단지,,,,,,,,,1399.0,175.0
11447.0,,,,,205337.0,,속초매매단지,,,,,,,,,1403.0,176.0
11448.0,,,,,205339.0,,속초시 개별단지,,,,,,,,,1404.0,177.0
11449.0,,,,,205341.0,,솔모루자동차매매단지,,,,,,,,,1405.0,178.0
11456.0,,,,,205347.0,,수원시 권선구 개별단지,,,,,,,,,1409.0,179.0
11457.0,,,,,205349.0,,수원오토컬렉션,,,,,,,,,1410.0,180.0
11458.0,,,,,205352.0,,순천시 개별단지,,,,,,,,,1411.0,194.0
11461.0,,,,,205353.0,,순천자동차매매단지,,,,,,,,,1412.0,195.0
11462.0,,,,,205354.0,,시청매매단지,,,,,,,,,1413.0,196.0
11463.0,,,,,205356.0,,신경주자동차매매단지,,,,,,,,,1414.0,197.0
11465.0,,,,,205357.0,,신대자동차매매단지,,,,,,,,,1415.0,198.0
11473.0,,,,,205358.0,,신라1매매단지,,,,,,,,,1417.0,199.0
11475.0,,,,,205361.0,,신사상자동차매매단지,,,,,,,,,1429.0,200.0
11478.0,,,,,205362.0,,신월동자동차매매단지(서부),,,,,,,,,1431.0,201.0
11480.0,,,,,205365.0,,신중앙자동차매매단지,,,,,,,,,1433.0,202.0
11481.0,,,,,205366.0,,신평자동차매매단지,,,,,,,,,1440.0,203.0
11482.0,,,,,205367.0,,안산시 단원구 개별단지,,,,,,,,,1441.0,204.0
11483.0,,,,,205370.0,,안양오토갤러리,,,,,,,,,1442.0,205.0
11484.0,,,,,205372.0,,양주시 개별단지,,,,,,,,,1444.0,206.0
11485.0,,,,,205374.0,,엑스포자동차매매단지,,,,,,,,,1446.0,207.0
11525.0,,,,,205375.0,,엠파크랜드자동차매매단지,,,,,,,,,1447.0,208.0
11529.0,,,,,205376.0,,엠파크타워자동차매매단지,,,,,,,,,1448.0,209.0
11532.0,,,,,205377.0,,엠파크허브자동차매매단지,,,,,,,,,1450.0,227.0
11535.0,,,,,205378.0,,엠플러스,,,,,,,,,1451.0,229.0
11538.0,,,,,205379.0,,여수시 개별단지,,,,,,,,,1454.0,230.0
11542.0,,,,,205380.0,,연제자동차매매단지,,,,,,,,,1456.0,231.0
11545.0,,,,,205381.0,,영광군 개별단지,,,,,,,,,1457.0,232.0
11548.0,,,,,205382.0,,영천시 개별단지,,,,,,,,,1459.0,233.0
11551.0,,,,,205383.0,,영통자동차매매단지,,,,,,,,,1460.0,234.0
11602.0,,,,,205384.0,,오토드림 매매단지,,,,,,,,,1461.0,235.0
11608.0,,,,,205385.0,,오토밸리매매단지,,,,,,,,,1462.0,236.0
11610.0,,,,,205386.0,,오토월드,,,,,,,,,1478.0,306.0
11613.0,,,,,205387.0,,오토월드매매단지,,,,,,,,,1479.0,307.0
11615.0,,,,,205388.0,,오토캐슬매매단지,,,,,,,,,1480.0,308.0
11618.0,,,,,205389.0,,오토파크자동차매매단지,,,,,,,,,1481.0,309.0
11619.0,,,,,205390.0,,오토프라자,,,,,,,,,1482.0,310.0
11620.0,,,,,205391.0,,오토허브,,,,,,,,,1485.0,311.0
11621.0,,,,,205392.0,,완주군 개별단지,,,,,,,,,1486.0,312.0
11625.0,,,,,205395.0,,용인시 기흥구 개별단지,,,,,,,,,1487.0,313.0
11628.0,,,,,205396.0,,용인오토갤러리,,,,,,,,,1495.0,314.0
11629.0,,,,,205397.0,,우리오토월드매매단지,,,,,,,,,1497.0,429.0
11631.0,,,,,205400.0,,우창자동차백화점단지,,,,,,,,,2504.0,430.0
11632.0,,,,,205401.0,,울산자동차매매단지,,,,,,,,,2505.0,431.0
11633.0,,,,,205402.0,,원주시 개별단지,,,,,,,,,2506.0,432.0
11634.0,,,,,205403.0,,원주자동차매매단지,,,,,,,,,2517.0,433.0
11635.0,,,,,205404.0,,원파크,,,,,,,,,2518.0,434.0
11636.0,,,,,205406.0,,월드컵자동차매매단지,,,,,,,,,2533.0,523.0
11639.0,,,,,205407.0,,월평단지,,,,,,,,,2539.0,657.0
11640.0,,,,,205408.0,,유량자동차매매단지,,,,,,,,,2554.0,658.0
11641.0,,,,,205409.0,,의정부시 개별단지,,,,,,,,,2555.0,659.0
11642.0,,,,,205411.0,,이천시 개별단지,,,,,,,,,2663.0,660.0
11643.0,,,,,205415.0,,이천중고자동차매매단지,,,,,,,,,2666.0,661.0
11644.0,,,,,205416.0,,익산오토월드단지,,,,,,,,,2667.0,666.0
11645.0,,,,,205417.0,,인천교자동차매매단지,,,,,,,,,2668.0,668.0
11686.0,,,,,205418.0,,일신자동차매매단지,,,,,,,,,2669.0,696.0
11687.0,,,,,205420.0,,자동차1번지매매단지,,,,,,,,,2672.0,762.0
11691.0,,,,,205421.0,,자동차마을,,,,,,,,,2683.0,763.0
11698.0,,,,,205423.0,,작전자동차매매단지,,,,,,,,,2726.0,766.0
11702.0,,,,,205426.0,,장동자동차매매단지,,,,,,,,,2728.0,768.0
11704.0,,,,,205427.0,,장안모터프라자단지,,,,,,,,,2729.0,830.0
11705.0,,,,,205428.0,,장안평자동차매매단지,,,,,,,,,2731.0,840.0
11708.0,,,,,205429.0,,전방자동차매매단지,,,,,,,,,2756.0,886.0
11709.0,,,,,205430.0,,전북자동차매매단지,,,,,,,,,2763.0,887.0
11717.0,,,,,205431.0,,전주시 덕진구 개별단지,,,,,,,,,2767.0,888.0
11718.0,,,,,205432.0,,전주시 완산구 개별단지,,,,,,,,,2768.0,890.0
11720.0,,,,,205433.0,,제물포자동차매매단지,,,,,,,,,2772.0,892.0
11724.0,,,,,,,제일북수원매매단지,,,,,,,,,2773.0,893.0
11726.0,,,,,,,제주시 개별단지,,,,,,,,,2785.0,894.0
11728.0,,,,,,,제천시 개별단지,,,,,,,,,2791.0,898.0
11733.0,,,,,,,주안자동차매매단지,,,,,,,,,2793.0,950.0
11750.0,,,,,,,중구 개별단지,,,,,,,,,2798.0,951.0
11752.0,,,,,,,중부자동차매매단지,,,,,,,,,2825.0,962.0
11756.0,,,,,,,중부종합시장,,,,,,,,,2834.0,963.0
11760.0,,,,,,,중앙자동차매매단지(수원),,,,,,,,,2835.0,964.0
11764.0,,,,,,,진주자동차매매단지,,,,,,,,,2845.0,965.0
11771.0,,,,,,,창원자동차매매전시장(천차만차),,,,,,,,,2852.0,970.0
11776.0,,,,,,,천안매매단지,,,,,,,,,2858.0,972.0
11777.0,,,,,,,천안중부매매단지,,,,,,,,,2859.0,973.0
11778.0,,,,,,,청주시 상당구 개별단지,,,,,,,,,2869.0,974.0
11784.0,,,,,,,청주시 청원구 개별단지,,,,,,,,,2870.0,975.0
11786.0,,,,,,,청주오토월드매매단지,,,,,,,,,2872.0,976.0
11787.0,,,,,,,청주자동차매매단지,,,,,,,,,2874.0,977.0
11835.0,,,,,,,칠곡군 개별단지,,,,,,,,,2879.0,978.0
11840.0,,,,,,,카마트자동차매매단지,,,,,,,,,2888.0,979.0
11850.0,,,,,,,카서울닷컴,,,,,,,,,2890.0,980.0
11851.0,,,,,,,태백자동차매매단지,,,,,,,,,2894.0,981.0
11859.0,,,,,,,태평양자동차매매단지,,,,,,,,,2895.0,983.0
11862.0,,,,,,,팔봉오토파크,,,,,,,,,2898.0,984.0
11865.0,,,,,,,팡팡자동차매매단지,,,,,,,,,,985.0
11868.0,,,,,,,포천시 개별단지,,,,,,,,,,986.0
11869.0,,,,,,,포항시 북구 개별단지,,,,,,,,,,988.0
11870.0,,,,,,,포항오토아울렛단지,,,,,,,,,,989.0
11871.0,,,,,,,포항터미널매매단지,,,,,,,,,,990.0
11880.0,,,,,,,풍암자동차매매1단지,,,,,,,,,,
11881.0,,,,,,,풍암자동차매매2단지,,,,,,,,,,
11882.0,,,,,,,풍암자동차매매3단지,,,,,,,,,,
11889.0,,,,,,,하남자동차매매단지,,,,,,,,,,
11891.0,,,,,,,한맥매매단지,,,,,,,,,,
11897.0,,,,,,,한성매매단지,,,,,,,,,,
11898.0,,,,,,,한성자동차매매단지,,,,,,,,,,
11899.0,,,,,,,해운대구 개별단지,,,,,,,,,,
11900.0,,,,,,,,,,,,,,,,,
11901.0,,,,,,,,,,,,,,,,,
11902.0,,,,,,,,,,,,,,,,,
11903.0,,,,,,,,,,,,,,,,,
11904.0,,,,,,,,,,,,,,,,,
11905.0,,,,,,,,,,,,,,,,,
11906.0,,,,,,,,,,,,,,,,,
11907.0,,,,,,,,,,,,,,,,,
11908.0,,,,,,,,,,,,,,,,,
11909.0,,,,,,,,,,,,,,,,,
11910.0,,,,,,,,,,,,,,,,,
11911.0,,,,,,,,,,,,,,,,,
11912.0,,,,,,,,,,,,,,,,,
11913.0,,,,,,,,,,,,,,,,,
11914.0,,,,,,,,,,,,,,,,,
11916.0,,,,,,,,,,,,,,,,,
11917.0,,,,,,,,,,,,,,,,,
11919.0,,,,,,,,,,,,,,,,,
11920.0,,,,,,,,,,,,,,,,,
11921.0,,,,,,,,,,,,,,,,,
11922.0,,,,,,,,,,,,,,,,,
11924.0,,,,,,,,,,,,,,,,,
11930.0,,,,,,,,,,,,,,,,,
11933.0,,,,,,,,,,,,,,,,,
11939.0,,,,,,,,,,,,,,,,,
11941.0,,,,,,,,,,,,,,,,,
11942.0,,,,,,,,,,,,,,,,,
11943.0,,,,,,,,,,,,,,,,,
11944.0,,,,,,,,,,,,,,,,,
11945.0,,,,,,,,,,,,,,,,,
11946.0,,,,,,,,,,,,,,,,,
11947.0,,,,,,,,,,,,,,,,,
11948.0,,,,,,,,,,,,,,,,,
11949.0,,,,,,,,,,,,,,,,,
11950.0,,,,,,,,,,,,,,,,,
11953.0,,,,,,,,,,,,,,,,,
11954.0,,,,,,,,,,,,,,,,,
11956.0,,,,,,,,,,,,,,,,,
11961.0,,,,,,,,,,,,,,,,,
11962.0,,,,,,,,,,,,,,,,,
11990.0,,,,,,,,,,,,,,,,,
11991.0,,,,,,,,,,,,,,,,,
11992.0,,,,,,,,,,,,,,,,,
11993.0,,,,,,,,,,,,,,,,,
11994.0,,,,,,,,,,,,,,,,,
11995.0,,,,,,,,,,,,,,,,,
11996.0,,,,,,,,,,,,,,,,,
11997.0,,,,,,,,,,,,,,,,,
11998.0,,,,,,,,,,,,,,,,,
11999.0,,,,,,,,,,,,,,,,,
12000.0,,,,,,,,,,,,,,,,,
12001.0,,,,,,,,,,,,,,,,,
12002.0,,,,,,,,,,,,,,,,,
12003.0,,,,,,,,,,,,,,,,,
12004.0,,,,,,,,,,,,,,,,,
12006.0,,,,,,,,,,,,,,,,,
12008.0,,,,,,,,,,,,,,,,,
12009.0,,,,,,,,,,,,,,,,,
12011.0,,,,,,,,,,,,,,,,,
12012.0,,,,,,,,,,,,,,,,,
12013.0,,,,,,,,,,,,,,,,,
12014.0,,,,,,,,,,,,,,,,,
12015.0,,,,,,,,,,,,,,,,,
12017.0,,,,,,,,,,,,,,,,,
12018.0,,,,,,,,,,,,,,,,,
12029.0,,,,,,,,,,,,,,,,,
12032.0,,,,,,,,,,,,,,,,,
12035.0,,,,,,,,,,,,,,,,,
12037.0,,,,,,,,,,,,,,,,,
12038.0,,,,,,,,,,,,,,,,,
12042.0,,,,,,,,,,,,,,,,,
12046.0,,,,,,,,,,,,,,,,,
12058.0,,,,,,,,,,,,,,,,,
12073.0,,,,,,,,,,,,,,,,,
12074.0,,,,,,,,,,,,,,,,,
12076.0,,,,,,,,,,,,,,,,,
12078.0,,,,,,,,,,,,,,,,,
12079.0,,,,,,,,,,,,,,,,,
12080.0,,,,,,,,,,,,,,,,,
12081.0,,,,,,,,,,,,,,,,,
12082.0,,,,,,,,,,,,,,,,,
12083.0,,,,,,,,,,,,,,,,,
12088.0,,,,,,,,,,,,,,,,,
12099.0,,,,,,,,,,,,,,,,,
12100.0,,,,,,,,,,,,,,,,,
12102.0,,,,,,,,,,,,,,,,,
12109.0,,,,,,,,,,,,,,,,,
12110.0,,,,,,,,,,,,,,,,,
12134.0,,,,,,,,,,,,,,,,,
12135.0,,,,,,,,,,,,,,,,,
12138.0,,,,,,,,,,,,,,,,,
12139.0,,,,,,,,,,,,,,,,,
12140.0,,,,,,,,,,,,,,,,,
12142.0,,,,,,,,,,,,,,,,,
12150.0,,,,,,,,,,,,,,,,,
12152.0,,,,,,,,,,,,,,,,,
12153.0,,,,,,,,,,,,,,,,,
12155.0,,,,,,,,,,,,,,,,,
12157.0,,,,,,,,,,,,,,,,,
12158.0,,,,,,,,,,,,,,,,,
12161.0,,,,,,,,,,,,,,,,,
12163.0,,,,,,,,,,,,,,,,,
12164.0,,,,,,,,,,,,,,,,,
12166.0,,,,,,,,,,,,,,,,,
12167.0,,,,,,,,,,,,,,,,,
12170.0,,,,,,,,,,,,,,,,,
12171.0,,,,,,,,,,,,,,,,,
12172.0,,,,,,,,,,,,,,,,,
12174.0,,,,,,,,,,,,,,,,,
12176.0,,,,,,,,,,,,,,,,,
12177.0,,,,,,,,,,,,,,,,,
12178.0,,,,,,,,,,,,,,,,,
12179.0,,,,,,,,,,,,,,,,,
12180.0,,,,,,,,,,,,,,,,,
12181.0,,,,,,,,,,,,,,,,,
12184.0,,,,,,,,,,,,,,,,,
12188.0,,,,,,,,,,,,,,,,,
12189.0,,,,,,,,,,,,,,,,,
12190.0,,,,,,,,,,,,,,,,,
12191.0,,,,,,,,,,,,,,,,,
12192.0,,,,,,,,,,,,,,,,,
12193.0,,,,,,,,,,,,,,,,,
12194.0,,,,,,,,,,,,,,,,,
12195.0,,,,,,,,,,,,,,,,,
12196.0,,,,,,,,,,,,,,,,,
12197.0,,,,,,,,,,,,,,,,,
12198.0,,,,,,,,,,,,,,,,,
12199.0,,,,,,,,,,,,,,,,,
12204.0,,,,,,,,,,,,,,,,,
12218.0,,,,,,,,,,,,,,,,,
12222.0,,,,,,,,,,,,,,,,,
12227.0,,,,,,,,,,,,,,,,,
12236.0,,,,,,,,,,,,,,,,,
12237.0,,,,,,,,,,,,,,,,,
12245.0,,,,,,,,,,,,,,,,,
12246.0,,,,,,,,,,,,,,,,,
12251.0,,,,,,,,,,,,,,,,,
12252.0,,,,,,,,,,,,,,,,,
12268.0,,,,,,,,,,,,,,,,,
12270.0,,,,,,,,,,,,,,,,,
12273.0,,,,,,,,,,,,,,,,,
12278.0,,,,,,,,,,,,,,,,,
12279.0,,,,,,,,,,,,,,,,,
12280.0,,,,,,,,,,,,,,,,,
12283.0,,,,,,,,,,,,,,,,,
12284.0,,,,,,,,,,,,,,,,,
12292.0,,,,,,,,,,,,,,,,,
12293.0,,,,,,,,,,,,,,,,,
12298.0,,,,,,,,,,,,,,,,,
12300.0,,,,,,,,,,,,,,,,,
12310.0,,,,,,,,,,,,,,,,,
12314.0,,,,,,,,,,,,,,,,,
12363.0,,,,,,,,,,,,,,,,,
12365.0,,,,,,,,,,,,,,,,,
12366.0,,,,,,,,,,,,,,,,,
12367.0,,,,,,,,,,,,,,,,,
12368.0,,,,,,,,,,,,,,,,,
12370.0,,,,,,,,,,,,,,,,,
12371.0,,,,,,,,,,,,,,,,,
12372.0,,,,,,,,,,,,,,,,,
12375.0,,,,,,,,,,,,,,,,,
12377.0,,,,,,,,,,,,,,,,,
12378.0,,,,,,,,,,,,,,,,,
12379.0,,,,,,,,,,,,,,,,,
12380.0,,,,,,,,,,,,,,,,,
12382.0,,,,,,,,,,,,,,,,,
12383.0,,,,,,,,,,,,,,,,,
12385.0,,,,,,,,,,,,,,,,,
12386.0,,,,,,,,,,,,,,,,,
12390.0,,,,,,,,,,,,,,,,,
12392.0,,,,,,,,,,,,,,,,,
12394.0,,,,,,,,,,,,,,,,,
12396.0,,,,,,,,,,,,,,,,,
12398.0,,,,,,,,,,,,,,,,,
12400.0,,,,,,,,,,,,,,,,,
12402.0,,,,,,,,,,,,,,,,,
12403.0,,,,,,,,,,,,,,,,,
12499.0,,,,,,,,,,,,,,,,,
12500.0,,,,,,,,,,,,,,,,,
12501.0,,,,,,,,,,,,,,,,,
12502.0,,,,,,,,,,,,,,,,,
12503.0,,,,,,,,,,,,,,,,,
12504.0,,,,,,,,,,,,,,,,,
12505.0,,,,,,,,,,,,,,,,,
12506.0,,,,,,,,,,,,,,,,,
12507.0,,,,,,,,,,,,,,,,,
12508.0,,,,,,,,,,,,,,,,,
12509.0,,,,,,,,,,,,,,,,,
12511.0,,,,,,,,,,,,,,,,,
12512.0,,,,,,,,,,,,,,,,,
12515.0,,,,,,,,,,,,,,,,,
12516.0,,,,,,,,,,,,,,,,,
12517.0,,,,,,,,,,,,,,,,,
12519.0,,,,,,,,,,,,,,,,,
12520.0,,,,,,,,,,,,,,,,,
12521.0,,,,,,,,,,,,,,,,,
12522.0,,,,,,,,,,,,,,,,,
12524.0,,,,,,,,,,,,,,,,,
12525.0,,,,,,,,,,,,,,,,,
12526.0,,,,,,,,,,,,,,,,,
12527.0,,,,,,,,,,,,,,,,,
12528.0,,,,,,,,,,,,,,,,,
12529.0,,,,,,,,,,,,,,,,,
12530.0,,,,,,,,,,,,,,,,,
12532.0,,,,,,,,,,,,,,,,,
12533.0,,,,,,,,,,,,,,,,,
12534.0,,,,,,,,,,,,,,,,,
12535.0,,,,,,,,,,,,,,,,,
12536.0,,,,,,,,,,,,,,,,,
12538.0,,,,,,,,,,,,,,,,,
12539.0,,,,,,,,,,,,,,,,,
12540.0,,,,,,,,,,,,,,,,,
12542.0,,,,,,,,,,,,,,,,,
12543.0,,,,,,,,,,,,,,,,,
12545.0,,,,,,,,,,,,,,,,,
12546.0,,,,,,,,,,,,,,,,,
12548.0,,,,,,,,,,,,,,,,,
12549.0,,,,,,,,,,,,,,,,,
12550.0,,,,,,,,,,,,,,,,,
12551.0,,,,,,,,,,,,,,,,,
12552.0,,,,,,,,,,,,,,,,,
12553.0,,,,,,,,,,,,,,,,,
12554.0,,,,,,,,,,,,,,,,,
12555.0,,,,,,,,,,,,,,,,,
12556.0,,,,,,,,,,,,,,,,,
12557.0,,,,,,,,,,,,,,,,,
12558.0,,,,,,,,,,,,,,,,,
12559.0,,,,,,,,,,,,,,,,,
12560.0,,,,,,,,,,,,,,,,,
12568.0,,,,,,,,,,,,,,,,,
12569.0,,,,,,,,,,,,,,,,,
12570.0,,,,,,,,,,,,,,,,,
12571.0,,,,,,,,,,,,,,,,,
12572.0,,,,,,,,,,,,,,,,,
12574.0,,,,,,,,,,,,,,,,,
12575.0,,,,,,,,,,,,,,,,,
12576.0,,,,,,,,,,,,,,,,,
12581.0,,,,,,,,,,,,,,,,,
12583.0,,,,,,,,,,,,,,,,,
12584.0,,,,,,,,,,,,,,,,,
12585.0,,,,,,,,,,,,,,,,,
12586.0,,,,,,,,,,,,,,,,,
12654.0,,,,,,,,,,,,,,,,,
12655.0,,,,,,,,,,,,,,,,,
12656.0,,,,,,,,,,,,,,,,,
12659.0,,,,,,,,,,,,,,,,,
12662.0,,,,,,,,,,,,,,,,,
12664.0,,,,,,,,,,,,,,,,,
12667.0,,,,,,,,,,,,,,,,,
12671.0,,,,,,,,,,,,,,,,,
12672.0,,,,,,,,,,,,,,,,,
12673.0,,,,,,,,,,,,,,,,,
12674.0,,,,,,,,,,,,,,,,,
12675.0,,,,,,,,,,,,,,,,,
12676.0,,,,,,,,,,,,,,,,,
12677.0,,,,,,,,,,,,,,,,,
12678.0,,,,,,,,,,,,,,,,,
12679.0,,,,,,,,,,,,,,,,,
12685.0,,,,,,,,,,,,,,,,,
12692.0,,,,,,,,,,,,,,,,,
12694.0,,,,,,,,,,,,,,,,,
12696.0,,,,,,,,,,,,,,,,,
12697.0,,,,,,,,,,,,,,,,,
12698.0,,,,,,,,,,,,,,,,,
12699.0,,,,,,,,,,,,,,,,,
12704.0,,,,,,,,,,,,,,,,,
12709.0,,,,,,,,,,,,,,,,,
12714.0,,,,,,,,,,,,,,,,,
12715.0,,,,,,,,,,,,,,,,,
12717.0,,,,,,,,,,,,,,,,,
12718.0,,,,,,,,,,,,,,,,,
12719.0,,,,,,,,,,,,,,,,,
12721.0,,,,,,,,,,,,,,,,,
12722.0,,,,,,,,,,,,,,,,,
12723.0,,,,,,,,,,,,,,,,,
12725.0,,,,,,,,,,,,,,,,,
12727.0,,,,,,,,,,,,,,,,,
12728.0,,,,,,,,,,,,,,,,,
12729.0,,,,,,,,,,,,,,,,,
12730.0,,,,,,,,,,,,,,,,,
12731.0,,,,,,,,,,,,,,,,,
12732.0,,,,,,,,,,,,,,,,,
12734.0,,,,,,,,,,,,,,,,,
12738.0,,,,,,,,,,,,,,,,,
12743.0,,,,,,,,,,,,,,,,,
12747.0,,,,,,,,,,,,,,,,,
12749.0,,,,,,,,,,,,,,,,,
12751.0,,,,,,,,,,,,,,,,,
12755.0,,,,,,,,,,,,,,,,,
12757.0,,,,,,,,,,,,,,,,,
12759.0,,,,,,,,,,,,,,,,,
12761.0,,,,,,,,,,,,,,,,,
12762.0,,,,,,,,,,,,,,,,,
12763.0,,,,,,,,,,,,,,,,,
12766.0,,,,,,,,,,,,,,,,,
12768.0,,,,,,,,,,,,,,,,,
12771.0,,,,,,,,,,,,,,,,,
12773.0,,,,,,,,,,,,,,,,,
12774.0,,,,,,,,,,,,,,,,,
12777.0,,,,,,,,,,,,,,,,,
12779.0,,,,,,,,,,,,,,,,,
12780.0,,,,,,,,,,,,,,,,,
12784.0,,,,,,,,,,,,,,,,,
12787.0,,,,,,,,,,,,,,,,,
12789.0,,,,,,,,,,,,,,,,,
12792.0,,,,,,,,,,,,,,,,,
12794.0,,,,,,,,,,,,,,,,,
12796.0,,,,,,,,,,,,,,,,,
12797.0,,,,,,,,,,,,,,,,,
12799.0,,,,,,,,,,,,,,,,,
12802.0,,,,,,,,,,,,,,,,,
12804.0,,,,,,,,,,,,,,,,,
12805.0,,,,,,,,,,,,,,,,,
12817.0,,,,,,,,,,,,,,,,,
12826.0,,,,,,,,,,,,,,,,,
12829.0,,,,,,,,,,,,,,,,,
12830.0,,,,,,,,,,,,,,,,,
12837.0,,,,,,,,,,,,,,,,,
12842.0,,,,,,,,,,,,,,,,,
12849.0,,,,,,,,,,,,,,,,,
12855.0,,,,,,,,,,,,,,,,,
12860.0,,,,,,,,,,,,,,,,,
12876.0,,,,,,,,,,,,,,,,,
12893.0,,,,,,,,,,,,,,,,,
12894.0,,,,,,,,,,,,,,,,,
12895.0,,,,,,,,,,,,,,,,,
12896.0,,,,,,,,,,,,,,,,,
12897.0,,,,,,,,,,,,,,,,,
12898.0,,,,,,,,,,,,,,,,,
12899.0,,,,,,,,,,,,,,,,,
12900.0,,,,,,,,,,,,,,,,,
12901.0,,,,,,,,,,,,,,,,,
12902.0,,,,,,,,,,,,,,,,,
12903.0,,,,,,,,,,,,,,,,,
12906.0,,,,,,,,,,,,,,,,,
12907.0,,,,,,,,,,,,,,,,,
12913.0,,,,,,,,,,,,,,,,,
12916.0,,,,,,,,,,,,,,,,,
12919.0,,,,,,,,,,,,,,,,,
12920.0,,,,,,,,,,,,,,,,,
12921.0,,,,,,,,,,,,,,,,,
12922.0,,,,,,,,,,,,,,,,,
12929.0,,,,,,,,,,,,,,,,,
12930.0,,,,,,,,,,,,,,,,,
12935.0,,,,,,,,,,,,,,,,,
12936.0,,,,,,,,,,,,,,,,,
12937.0,,,,,,,,,,,,,,,,,
12938.0,,,,,,,,,,,,,,,,,
12947.0,,,,,,,,,,,,,,,,,
12951.0,,,,,,,,,,,,,,,,,
12952.0,,,,,,,,,,,,,,,,,
12953.0,,,,,,,,,,,,,,,,,
12955.0,,,,,,,,,,,,,,,,,
12957.0,,,,,,,,,,,,,,,,,
12958.0,,,,,,,,,,,,,,,,,
12959.0,,,,,,,,,,,,,,,,,
12961.0,,,,,,,,,,,,,,,,,
12964.0,,,,,,,,,,,,,,,,,
12967.0,,,,,,,,,,,,,,,,,
12968.0,,,,,,,,,,,,,,,,,
12975.0,,,,,,,,,,,,,,,,,
12978.0,,,,,,,,,,,,,,,,,
13244.0,,,,,,,,,,,,,,,,,
13245.0,,,,,,,,,,,,,,,,,
13246.0,,,,,,,,,,,,,,,,,
13250.0,,,,,,,,,,,,,,,,,
13252.0,,,,,,,,,,,,,,,,,
13253.0,,,,,,,,,,,,,,,,,
13254.0,,,,,,,,,,,,,,,,,
13256.0,,,,,,,,,,,,,,,,,
13257.0,,,,,,,,,,,,,,,,,
13258.0,,,,,,,,,,,,,,,,,
13259.0,,,,,,,,,,,,,,,,,
13260.0,,,,,,,,,,,,,,,,,
13293.0,,,,,,,,,,,,,,,,,
13294.0,,,,,,,,,,,,,,,,,
13295.0,,,,,,,,,,,,,,,,,
13296.0,,,,,,,,,,,,,,,,,
13297.0,,,,,,,,,,,,,,,,,
13298.0,,,,,,,,,,,,,,,,,
13299.0,,,,,,,,,,,,,,,,,
13300.0,,,,,,,,,,,,,,,,,
13301.0,,,,,,,,,,,,,,,,,
13302.0,,,,,,,,,,,,,,,,,
13303.0,,,,,,,,,,,,,,,,,
13304.0,,,,,,,,,,,,,,,,,
13305.0,,,,,,,,,,,,,,,,,
13306.0,,,,,,,,,,,,,,,,,
13416.0,,,,,,,,,,,,,,,,,
13418.0,,,,,,,,,,,,,,,,,
13421.0,,,,,,,,,,,,,,,,,
13423.0,,,,,,,,,,,,,,,,,
14245.0,,,,,,,,,,,,,,,,,
14246.0,,,,,,,,,,,,,,,,,
14247.0,,,,,,,,,,,,,,,,,
14249.0,,,,,,,,,,,,,,,,,
14251.0,,,,,,,,,,,,,,,,,
14258.0,,,,,,,,,,,,,,,,,
14259.0,,,,,,,,,,,,,,,,,
14260.0,,,,,,,,,,,,,,,,,
14262.0,,,,,,,,,,,,,,,,,
14263.0,,,,,,,,,,,,,,,,,
14264.0,,,,,,,,,,,,,,,,,
14265.0,,,,,,,,,,,,,,,,,
14266.0,,,,,,,,,,,,,,,,,
14267.0,,,,,,,,,,,,,,,,,
14268.0,,,,,,,,,,,,,,,,,
14269.0,,,,,,,,,,,,,,,,,
14270.0,,,,,,,,,,,,,,,,,
14271.0,,,,,,,,,,,,,,,,,
14272.0,,,,,,,,,,,,,,,,,
14273.0,,,,,,,,,,,,,,,,,
14274.0,,,,,,,,,,,,,,,,,
14275.0,,,,,,,,,,,,,,,,,
14287.0,,,,,,,,,,,,,,,,,
14288.0,,,,,,,,,,,,,,,,,
14289.0,,,,,,,,,,,,,,,,,
14290.0,,,,,,,,,,,,,,,,,
14291.0,,,,,,,,,,,,,,,,,
14292.0,,,,,,,,,,,,,,,,,
14293.0,,,,,,,,,,,,,,,,,
14294.0,,,,,,,,,,,,,,,,,
14295.0,,,,,,,,,,,,,,,,,
14296.0,,,,,,,,,,,,,,,,,
14303.0,,,,,,,,,,,,,,,,,
14307.0,,,,,,,,,,,,,,,,,
14308.0,,,,,,,,,,,,,,,,,
14310.0,,,,,,,,,,,,,,,,,
14311.0,,,,,,,,,,,,,,,,,
14312.0,,,,,,,,,,,,,,,,,
14313.0,,,,,,,,,,,,,,,,,
14314.0,,,,,,,,,,,,,,,,,
14315.0,,,,,,,,,,,,,,,,,
14316.0,,,,,,,,,,,,,,,,,
14317.0,,,,,,,,,,,,,,,,,
14318.0,,,,,,,,,,,,,,,,,
14319.0,,,,,,,,,,,,,,,,,
14320.0,,,,,,,,,,,,,,,,,
14322.0,,,,,,,,,,,,,,,,,
14323.0,,,,,,,,,,,,,,,,,
14324.0,,,,,,,,,,,,,,,,,
14327.0,,,,,,,,,,,,,,,,,
14353.0,,,,,,,,,,,,,,,,,
14354.0,,,,,,,,,,,,,,,,,
14355.0,,,,,,,,,,,,,,,,,
14356.0,,,,,,,,,,,,,,,,,
14357.0,,,,,,,,,,,,,,,,,
14358.0,,,,,,,,,,,,,,,,,
14359.0,,,,,,,,,,,,,,,,,
14360.0,,,,,,,,,,,,,,,,,
14361.0,,,,,,,,,,,,,,,,,
14362.0,,,,,,,,,,,,,,,,,
14363.0,,,,,,,,,,,,,,,,,
14389.0,,,,,,,,,,,,,,,,,
14390.0,,,,,,,,,,,,,,,,,
14391.0,,,,,,,,,,,,,,,,,
14392.0,,,,,,,,,,,,,,,,,
14393.0,,,,,,,,,,,,,,,,,
14394.0,,,,,,,,,,,,,,,,,
14395.0,,,,,,,,,,,,,,,,,
14406.0,,,,,,,,,,,,,,,,,
14407.0,,,,,,,,,,,,,,,,,
14408.0,,,,,,,,,,,,,,,,,
14409.0,,,,,,,,,,,,,,,,,
14410.0,,,,,,,,,,,,,,,,,
14411.0,,,,,,,,,,,,,,,,,
14412.0,,,,,,,,,,,,,,,,,
14413.0,,,,,,,,,,,,,,,,,
14414.0,,,,,,,,,,,,,,,,,
14415.0,,,,,,,,,,,,,,,,,
14416.0,,,,,,,,,,,,,,,,,
14417.0,,,,,,,,,,,,,,,,,
14418.0,,,,,,,,,,,,,,,,,
14419.0,,,,,,,,,,,,,,,,,
14420.0,,,,,,,,,,,,,,,,,
14421.0,,,,,,,,,,,,,,,,,
14452.0,,,,,,,,,,,,,,,,,
14453.0,,,,,,,,,,,,,,,,,
14454.0,,,,,,,,,,,,,,,,,
14455.0,,,,,,,,,,,,,,,,,
14456.0,,,,,,,,,,,,,,,,,
14457.0,,,,,,,,,,,,,,,,,
14485.0,,,,,,,,,,,,,,,,,
14486.0,,,,,,,,,,,,,,,,,
14487.0,,,,,,,,,,,,,,,,,
14488.0,,,,,,,,,,,,,,,,,
14490.0,,,,,,,,,,,,,,,,,
14491.0,,,,,,,,,,,,,,,,,
14492.0,,,,,,,,,,,,,,,,,
14493.0,,,,,,,,,,,,,,,,,
14500.0,,,,,,,,,,,,,,,,,
14501.0,,,,,,,,,,,,,,,,,
14502.0,,,,,,,,,,,,,,,,,
14503.0,,,,,,,,,,,,,,,,,
14504.0,,,,,,,,,,,,,,,,,
14522.0,,,,,,,,,,,,,,,,,
14523.0,,,,,,,,,,,,,,,,,
14525.0,,,,,,,,,,,,,,,,,
14526.0,,,,,,,,,,,,,,,,,
14527.0,,,,,,,,,,,,,,,,,
14528.0,,,,,,,,,,,,,,,,,
14529.0,,,,,,,,,,,,,,,,,
14530.0,,,,,,,,,,,,,,,,,
14531.0,,,,,,,,,,,,,,,,,
14532.0,,,,,,,,,,,,,,,,,
14670.0,,,,,,,,,,,,,,,,,
14671.0,,,,,,,,,,,,,,,,,
14673.0,,,,,,,,,,,,,,,,,
14675.0,,,,,,,,,,,,,,,,,
14679.0,,,,,,,,,,,,,,,,,
14680.0,,,,,,,,,,,,,,,,,
14684.0,,,,,,,,,,,,,,,,,
14685.0,,,,,,,,,,,,,,,,,
14686.0,,,,,,,,,,,,,,,,,
14688.0,,,,,,,,,,,,,,,,,
14689.0,,,,,,,,,,,,,,,,,
14690.0,,,,,,,,,,,,,,,,,
14697.0,,,,,,,,,,,,,,,,,
14704.0,,,,,,,,,,,,,,,,,
14705.0,,,,,,,,,,,,,,,,,
14708.0,,,,,,,,,,,,,,,,,
14709.0,,,,,,,,,,,,,,,,,
14710.0,,,,,,,,,,,,,,,,,
14711.0,,,,,,,,,,,,,,,,,
14712.0,,,,,,,,,,,,,,,,,
14714.0,,,,,,,,,,,,,,,,,
14715.0,,,,,,,,,,,,,,,,,
14719.0,,,,,,,,,,,,,,,,,
14727.0,,,,,,,,,,,,,,,,,
14728.0,,,,,,,,,,,,,,,,,
14729.0,,,,,,,,,,,,,,,,,
14730.0,,,,,,,,,,,,,,,,,
14731.0,,,,,,,,,,,,,,,,,
14732.0,,,,,,,,,,,,,,,,,
14733.0,,,,,,,,,,,,,,,,,
14734.0,,,,,,,,,,,,,,,,,
14735.0,,,,,,,,,,,,,,,,,
14736.0,,,,,,,,,,,,,,,,,
14737.0,,,,,,,,,,,,,,,,,
14748.0,,,,,,,,,,,,,,,,,
14749.0,,,,,,,,,,,,,,,,,
14750.0,,,,,,,,,,,,,,,,,
14751.0,,,,,,,,,,,,,,,,,
14752.0,,,,,,,,,,,,,,,,,
14753.0,,,,,,,,,,,,,,,,,
14754.0,,,,,,,,,,,,,,,,,
14755.0,,,,,,,,,,,,,,,,,
14756.0,,,,,,,,,,,,,,,,,
14769.0,,,,,,,,,,,,,,,,,
14770.0,,,,,,,,,,,,,,,,,
14771.0,,,,,,,,,,,,,,,,,
14784.0,,,,,,,,,,,,,,,,,
14786.0,,,,,,,,,,,,,,,,,
14787.0,,,,,,,,,,,,,,,,,
14789.0,,,,,,,,,,,,,,,,,
14791.0,,,,,,,,,,,,,,,,,
14792.0,,,,,,,,,,,,,,,,,
14796.0,,,,,,,,,,,,,,,,,
14797.0,,,,,,,,,,,,,,,,,
14798.0,,,,,,,,,,,,,,,,,
14799.0,,,,,,,,,,,,,,,,,
14800.0,,,,,,,,,,,,,,,,,
14801.0,,,,,,,,,,,,,,,,,
14802.0,,,,,,,,,,,,,,,,,
14818.0,,,,,,,,,,,,,,,,,
14819.0,,,,,,,,,,,,,,,,,
14820.0,,,,,,,,,,,,,,,,,
14821.0,,,,,,,,,,,,,,,,,
14822.0,,,,,,,,,,,,,,,,,
14823.0,,,,,,,,,,,,,,,,,
14838.0,,,,,,,,,,,,,,,,,
14839.0,,,,,,,,,,,,,,,,,
14840.0,,,,,,,,,,,,,,,,,
14842.0,,,,,,,,,,,,,,,,,
14843.0,,,,,,,,,,,,,,,,,
14845.0,,,,,,,,,,,,,,,,,
14846.0,,,,,,,,,,,,,,,,,
14847.0,,,,,,,,,,,,,,,,,
14848.0,,,,,,,,,,,,,,,,,
14849.0,,,,,,,,,,,,,,,,,
14850.0,,,,,,,,,,,,,,,,,
14851.0,,,,,,,,,,,,,,,,,
14853.0,,,,,,,,,,,,,,,,,
14854.0,,,,,,,,,,,,,,,,,
14864.0,,,,,,,,,,,,,,,,,
14865.0,,,,,,,,,,,,,,,,,
14866.0,,,,,,,,,,,,,,,,,
14867.0,,,,,,,,,,,,,,,,,
14868.0,,,,,,,,,,,,,,,,,
14869.0,,,,,,,,,,,,,,,,,
14870.0,,,,,,,,,,,,,,,,,
14871.0,,,,,,,,,,,,,,,,,
14872.0,,,,,,,,,,,,,,,,,
14873.0,,,,,,,,,,,,,,,,,
14874.0,,,,,,,,,,,,,,,,,
14875.0,,,,,,,,,,,,,,,,,
14876.0,,,,,,,,,,,,,,,,,
14877.0,,,,,,,,,,,,,,,,,
14878.0,,,,,,,,,,,,,,,,,
14879.0,,,,,,,,,,,,,,,,,
14880.0,,,,,,,,,,,,,,,,,
14881.0,,,,,,,,,,,,,,,,,
14882.0,,,,,,,,,,,,,,,,,
14883.0,,,,,,,,,,,,,,,,,
14884.0,,,,,,,,,,,,,,,,,
14885.0,,,,,,,,,,,,,,,,,
14886.0,,,,,,,,,,,,,,,,,
14887.0,,,,,,,,,,,,,,,,,
14888.0,,,,,,,,,,,,,,,,,
14889.0,,,,,,,,,,,,,,,,,
14895.0,,,,,,,,,,,,,,,,,
14896.0,,,,,,,,,,,,,,,,,
14897.0,,,,,,,,,,,,,,,,,
14898.0,,,,,,,,,,,,,,,,,
14899.0,,,,,,,,,,,,,,,,,
14900.0,,,,,,,,,,,,,,,,,
14901.0,,,,,,,,,,,,,,,,,
14902.0,,,,,,,,,,,,,,,,,
14903.0,,,,,,,,,,,,,,,,,
14904.0,,,,,,,,,,,,,,,,,
14934.0,,,,,,,,,,,,,,,,,
14935.0,,,,,,,,,,,,,,,,,
14936.0,,,,,,,,,,,,,,,,,
14937.0,,,,,,,,,,,,,,,,,
14938.0,,,,,,,,,,,,,,,,,
14939.0,,,,,,,,,,,,,,,,,
14940.0,,,,,,,,,,,,,,,,,
14941.0,,,,,,,,,,,,,,,,,
14942.0,,,,,,,,,,,,,,,,,
14943.0,,,,,,,,,,,,,,,,,
14944.0,,,,,,,,,,,,,,,,,
14945.0,,,,,,,,,,,,,,,,,
14946.0,,,,,,,,,,,,,,,,,
14947.0,,,,,,,,,,,,,,,,,
14948.0,,,,,,,,,,,,,,,,,
14949.0,,,,,,,,,,,,,,,,,
14950.0,,,,,,,,,,,,,,,,,
14951.0,,,,,,,,,,,,,,,,,
14952.0,,,,,,,,,,,,,,,,,
14953.0,,,,,,,,,,,,,,,,,
14954.0,,,,,,,,,,,,,,,,,
14955.0,,,,,,,,,,,,,,,,,
14956.0,,,,,,,,,,,,,,,,,
14957.0,,,,,,,,,,,,,,,,,
14958.0,,,,,,,,,,,,,,,,,
14959.0,,,,,,,,,,,,,,,,,
14971.0,,,,,,,,,,,,,,,,,
14972.0,,,,,,,,,,,,,,,,,
14973.0,,,,,,,,,,,,,,,,,
14974.0,,,,,,,,,,,,,,,,,
14975.0,,,,,,,,,,,,,,,,,
14976.0,,,,,,,,,,,,,,,,,
14978.0,,,,,,,,,,,,,,,,,
14979.0,,,,,,,,,,,,,,,,,
14980.0,,,,,,,,,,,,,,,,,
14981.0,,,,,,,,,,,,,,,,,
14982.0,,,,,,,,,,,,,,,,,
14983.0,,,,,,,,,,,,,,,,,
14984.0,,,,,,,,,,,,,,,,,
14985.0,,,,,,,,,,,,,,,,,
14986.0,,,,,,,,,,,,,,,,,
14987.0,,,,,,,,,,,,,,,,,
14988.0,,,,,,,,,,,,,,,,,
14989.0,,,,,,,,,,,,,,,,,
14990.0,,,,,,,,,,,,,,,,,
14991.0,,,,,,,,,,,,,,,,,
15000.0,,,,,,,,,,,,,,,,,
18898.0,,,,,,,,,,,,,,,,,
19170.0,,,,,,,,,,,,,,,,,
19171.0,,,,,,,,,,,,,,,,,
19172.0,,,,,,,,,,,,,,,,,
19174.0,,,,,,,,,,,,,,,,,
19175.0,,,,,,,,,,,,,,,,,
19176.0,,,,,,,,,,,,,,,,,
19178.0,,,,,,,,,,,,,,,,,
19179.0,,,,,,,,,,,,,,,,,
19180.0,,,,,,,,,,,,,,,,,
19182.0,,,,,,,,,,,,,,,,,
19183.0,,,,,,,,,,,,,,,,,
19193.0,,,,,,,,,,,,,,,,,
19196.0,,,,,,,,,,,,,,,,,
19200.0,,,,,,,,,,,,,,,,,
19201.0,,,,,,,,,,,,,,,,,
19203.0,,,,,,,,,,,,,,,,,
19204.0,,,,,,,,,,,,,,,,,
19205.0,,,,,,,,,,,,,,,,,
19207.0,,,,,,,,,,,,,,,,,
19210.0,,,,,,,,,,,,,,,,,
19211.0,,,,,,,,,,,,,,,,,
19212.0,,,,,,,,,,,,,,,,,
19215.0,,,,,,,,,,,,,,,,,
19216.0,,,,,,,,,,,,,,,,,
19217.0,,,,,,,,,,,,,,,,,
19221.0,,,,,,,,,,,,,,,,,
19222.0,,,,,,,,,,,,,,,,,
19223.0,,,,,,,,,,,,,,,,,
19224.0,,,,,,,,,,,,,,,,,
19225.0,,,,,,,,,,,,,,,,,
19228.0,,,,,,,,,,,,,,,,,
19229.0,,,,,,,,,,,,,,,,,
19230.0,,,,,,,,,,,,,,,,,
19231.0,,,,,,,,,,,,,,,,,
19232.0,,,,,,,,,,,,,,,,,
19233.0,,,,,,,,,,,,,,,,,
19234.0,,,,,,,,,,,,,,,,,
19235.0,,,,,,,,,,,,,,,,,
19236.0,,,,,,,,,,,,,,,,,
19237.0,,,,,,,,,,,,,,,,,
19238.0,,,,,,,,,,,,,,,,,
19239.0,,,,,,,,,,,,,,,,,
19240.0,,,,,,,,,,,,,,,,,
19241.0,,,,,,,,,,,,,,,,,
19246.0,,,,,,,,,,,,,,,,,
19247.0,,,,,,,,,,,,,,,,,
19248.0,,,,,,,,,,,,,,,,,
19249.0,,,,,,,,,,,,,,,,,
19250.0,,,,,,,,,,,,,,,,,
19254.0,,,,,,,,,,,,,,,,,
19258.0,,,,,,,,,,,,,,,,,
19259.0,,,,,,,,,,,,,,,,,
19260.0,,,,,,,,,,,,,,,,,
19261.0,,,,,,,,,,,,,,,,,
19262.0,,,,,,,,,,,,,,,,,
19263.0,,,,,,,,,,,,,,,,,
19265.0,,,,,,,,,,,,,,,,,
19266.0,,,,,,,,,,,,,,,,,
19267.0,,,,,,,,,,,,,,,,,
19273.0,,,,,,,,,,,,,,,,,
19274.0,,,,,,,,,,,,,,,,,
19276.0,,,,,,,,,,,,,,,,,
19277.0,,,,,,,,,,,,,,,,,
19278.0,,,,,,,,,,,,,,,,,
19279.0,,,,,,,,,,,,,,,,,
19280.0,,,,,,,,,,,,,,,,,
19281.0,,,,,,,,,,,,,,,,,
19283.0,,,,,,,,,,,,,,,,,
19285.0,,,,,,,,,,,,,,,,,
19299.0,,,,,,,,,,,,,,,,,
19301.0,,,,,,,,,,,,,,,,,
19302.0,,,,,,,,,,,,,,,,,
19303.0,,,,,,,,,,,,,,,,,
19304.0,,,,,,,,,,,,,,,,,
19305.0,,,,,,,,,,,,,,,,,
19306.0,,,,,,,,,,,,,,,,,
19307.0,,,,,,,,,,,,,,,,,
19308.0,,,,,,,,,,,,,,,,,
19309.0,,,,,,,,,,,,,,,,,
19320.0,,,,,,,,,,,,,,,,,
19321.0,,,,,,,,,,,,,,,,,
19328.0,,,,,,,,,,,,,,,,,
19329.0,,,,,,,,,,,,,,,,,
19330.0,,,,,,,,,,,,,,,,,
19331.0,,,,,,,,,,,,,,,,,
19332.0,,,,,,,,,,,,,,,,,
19333.0,,,,,,,,,,,,,,,,,
19334.0,,,,,,,,,,,,,,,,,
19335.0,,,,,,,,,,,,,,,,,
19337.0,,,,,,,,,,,,,,,,,
19458.0,,,,,,,,,,,,,,,,,
19459.0,,,,,,,,,,,,,,,,,
19461.0,,,,,,,,,,,,,,,,,
19462.0,,,,,,,,,,,,,,,,,
19471.0,,,,,,,,,,,,,,,,,
19487.0,,,,,,,,,,,,,,,,,
19489.0,,,,,,,,,,,,,,,,,
19515.0,,,,,,,,,,,,,,,,,
19523.0,,,,,,,,,,,,,,,,,
19524.0,,,,,,,,,,,,,,,,,
19525.0,,,,,,,,,,,,,,,,,
19526.0,,,,,,,,,,,,,,,,,
19527.0,,,,,,,,,,,,,,,,,
19528.0,,,,,,,,,,,,,,,,,
19530.0,,,,,,,,,,,,,,,,,
19533.0,,,,,,,,,,,,,,,,,
19534.0,,,,,,,,,,,,,,,,,
19535.0,,,,,,,,,,,,,,,,,
19537.0,,,,,,,,,,,,,,,,,
19538.0,,,,,,,,,,,,,,,,,
19539.0,,,,,,,,,,,,,,,,,
19540.0,,,,,,,,,,,,,,,,,
19541.0,,,,,,,,,,,,,,,,,
19543.0,,,,,,,,,,,,,,,,,
19548.0,,,,,,,,,,,,,,,,,
19550.0,,,,,,,,,,,,,,,,,
19569.0,,,,,,,,,,,,,,,,,
19571.0,,,,,,,,,,,,,,,,,
19572.0,,,,,,,,,,,,,,,,,
19573.0,,,,,,,,,,,,,,,,,
19574.0,,,,,,,,,,,,,,,,,
19575.0,,,,,,,,,,,,,,,,,
19576.0,,,,,,,,,,,,,,,,,
19577.0,,,,,,,,,,,,,,,,,
19578.0,,,,,,,,,,,,,,,,,
19579.0,,,,,,,,,,,,,,,,,
19580.0,,,,,,,,,,,,,,,,,
19581.0,,,,,,,,,,,,,,,,,
19582.0,,,,,,,,,,,,,,,,,
19583.0,,,,,,,,,,,,,,,,,
19619.0,,,,,,,,,,,,,,,,,
19620.0,,,,,,,,,,,,,,,,,
19621.0,,,,,,,,,,,,,,,,,
19622.0,,,,,,,,,,,,,,,,,
19623.0,,,,,,,,,,,,,,,,,
19710.0,,,,,,,,,,,,,,,,,
19723.0,,,,,,,,,,,,,,,,,
19724.0,,,,,,,,,,,,,,,,,
19804.0,,,,,,,,,,,,,,,,,
19808.0,,,,,,,,,,,,,,,,,
19809.0,,,,,,,,,,,,,,,,,
19810.0,,,,,,,,,,,,,,,,,
19811.0,,,,,,,,,,,,,,,,,
19812.0,,,,,,,,,,,,,,,,,
19813.0,,,,,,,,,,,,,,,,,
19814.0,,,,,,,,,,,,,,,,,
19815.0,,,,,,,,,,,,,,,,,
19816.0,,,,,,,,,,,,,,,,,
19817.0,,,,,,,,,,,,,,,,,
19818.0,,,,,,,,,,,,,,,,,
19819.0,,,,,,,,,,,,,,,,,
19820.0,,,,,,,,,,,,,,,,,
19821.0,,,,,,,,,,,,,,,,,
19822.0,,,,,,,,,,,,,,,,,
19823.0,,,,,,,,,,,,,,,,,
19824.0,,,,,,,,,,,,,,,,,
19825.0,,,,,,,,,,,,,,,,,
19827.0,,,,,,,,,,,,,,,,,
19828.0,,,,,,,,,,,,,,,,,
19829.0,,,,,,,,,,,,,,,,,
19830.0,,,,,,,,,,,,,,,,,
19832.0,,,,,,,,,,,,,,,,,
19833.0,,,,,,,,,,,,,,,,,
19834.0,,,,,,,,,,,,,,,,,
19835.0,,,,,,,,,,,,,,,,,
19839.0,,,,,,,,,,,,,,,,,
19840.0,,,,,,,,,,,,,,,,,
19841.0,,,,,,,,,,,,,,,,,
19842.0,,,,,,,,,,,,,,,,,
19843.0,,,,,,,,,,,,,,,,,
19844.0,,,,,,,,,,,,,,,,,
19845.0,,,,,,,,,,,,,,,,,
19846.0,,,,,,,,,,,,,,,,,
19847.0,,,,,,,,,,,,,,,,,
19848.0,,,,,,,,,,,,,,,,,
19849.0,,,,,,,,,,,,,,,,,
19850.0,,,,,,,,,,,,,,,,,
19851.0,,,,,,,,,,,,,,,,,
19852.0,,,,,,,,,,,,,,,,,
19853.0,,,,,,,,,,,,,,,,,
19854.0,,,,,,,,,,,,,,,,,
19856.0,,,,,,,,,,,,,,,,,
19857.0,,,,,,,,,,,,,,,,,
19858.0,,,,,,,,,,,,,,,,,
19862.0,,,,,,,,,,,,,,,,,
19864.0,,,,,,,,,,,,,,,,,
19865.0,,,,,,,,,,,,,,,,,
19869.0,,,,,,,,,,,,,,,,,
19870.0,,,,,,,,,,,,,,,,,
19871.0,,,,,,,,,,,,,,,,,
19872.0,,,,,,,,,,,,,,,,,
19875.0,,,,,,,,,,,,,,,,,
19876.0,,,,,,,,,,,,,,,,,
19877.0,,,,,,,,,,,,,,,,,
19880.0,,,,,,,,,,,,,,,,,
19881.0,,,,,,,,,,,,,,,,,
19882.0,,,,,,,,,,,,,,,,,
19885.0,,,,,,,,,,,,,,,,,
19886.0,,,,,,,,,,,,,,,,,
19887.0,,,,,,,,,,,,,,,,,
19888.0,,,,,,,,,,,,,,,,,
19889.0,,,,,,,,,,,,,,,,,
19890.0,,,,,,,,,,,,,,,,,
19891.0,,,,,,,,,,,,,,,,,
19896.0,,,,,,,,,,,,,,,,,
19928.0,,,,,,,,,,,,,,,,,
19936.0,,,,,,,,,,,,,,,,,
19937.0,,,,,,,,,,,,,,,,,
19938.0,,,,,,,,,,,,,,,,,
19939.0,,,,,,,,,,,,,,,,,
19940.0,,,,,,,,,,,,,,,,,
19941.0,,,,,,,,,,,,,,,,,
19942.0,,,,,,,,,,,,,,,,,
19943.0,,,,,,,,,,,,,,,,,
19944.0,,,,,,,,,,,,,,,,,
19945.0,,,,,,,,,,,,,,,,,
19946.0,,,,,,,,,,,,,,,,,
19960.0,,,,,,,,,,,,,,,,,
19962.0,,,,,,,,,,,,,,,,,
19963.0,,,,,,,,,,,,,,,,,
19964.0,,,,,,,,,,,,,,,,,
19965.0,,,,,,,,,,,,,,,,,
19966.0,,,,,,,,,,,,,,,,,
20021.0,,,,,,,,,,,,,,,,,
20022.0,,,,,,,,,,,,,,,,,
20024.0,,,,,,,,,,,,,,,,,
20025.0,,,,,,,,,,,,,,,,,
20026.0,,,,,,,,,,,,,,,,,
20027.0,,,,,,,,,,,,,,,,,
20028.0,,,,,,,,,,,,,,,,,
20029.0,,,,,,,,,,,,,,,,,
20030.0,,,,,,,,,,,,,,,,,
20037.0,,,,,,,,,,,,,,,,,
20038.0,,,,,,,,,,,,,,,,,
20040.0,,,,,,,,,,,,,,,,,
20041.0,,,,,,,,,,,,,,,,,
20042.0,,,,,,,,,,,,,,,,,
20043.0,,,,,,,,,,,,,,,,,
20044.0,,,,,,,,,,,,,,,,,
20045.0,,,,,,,,,,,,,,,,,
20046.0,,,,,,,,,,,,,,,,,
20047.0,,,,,,,,,,,,,,,,,
20050.0,,,,,,,,,,,,,,,,,
20053.0,,,,,,,,,,,,,,,,,
20054.0,,,,,,,,,,,,,,,,,
20055.0,,,,,,,,,,,,,,,,,
20056.0,,,,,,,,,,,,,,,,,
20057.0,,,,,,,,,,,,,,,,,
20058.0,,,,,,,,,,,,,,,,,
20060.0,,,,,,,,,,,,,,,,,
20063.0,,,,,,,,,,,,,,,,,
20064.0,,,,,,,,,,,,,,,,,
20065.0,,,,,,,,,,,,,,,,,
20066.0,,,,,,,,,,,,,,,,,
20067.0,,,,,,,,,,,,,,,,,
20068.0,,,,,,,,,,,,,,,,,
20069.0,,,,,,,,,,,,,,,,,
20070.0,,,,,,,,,,,,,,,,,
20071.0,,,,,,,,,,,,,,,,,
20072.0,,,,,,,,,,,,,,,,,
20074.0,,,,,,,,,,,,,,,,,
20075.0,,,,,,,,,,,,,,,,,
20076.0,,,,,,,,,,,,,,,,,
20077.0,,,,,,,,,,,,,,,,,
20078.0,,,,,,,,,,,,,,,,,
20079.0,,,,,,,,,,,,,,,,,
20080.0,,,,,,,,,,,,,,,,,
20082.0,,,,,,,,,,,,,,,,,
20083.0,,,,,,,,,,,,,,,,,
20084.0,,,,,,,,,,,,,,,,,
20085.0,,,,,,,,,,,,,,,,,
20157.0,,,,,,,,,,,,,,,,,
20158.0,,,,,,,,,,,,,,,,,
20159.0,,,,,,,,,,,,,,,,,
20258.0,,,,,,,,,,,,,,,,,
20259.0,,,,,,,,,,,,,,,,,
20260.0,,,,,,,,,,,,,,,,,
20261.0,,,,,,,,,,,,,,,,,
20262.0,,,,,,,,,,,,,,,,,
20263.0,,,,,,,,,,,,,,,,,
20264.0,,,,,,,,,,,,,,,,,
20265.0,,,,,,,,,,,,,,,,,
20277.0,,,,,,,,,,,,,,,,,
20280.0,,,,,,,,,,,,,,,,,
20284.0,,,,,,,,,,,,,,,,,
20342.0,,,,,,,,,,,,,,,,,
20343.0,,,,,,,,,,,,,,,,,
20344.0,,,,,,,,,,,,,,,,,
20347.0,,,,,,,,,,,,,,,,,
20356.0,,,,,,,,,,,,,,,,,
20357.0,,,,,,,,,,,,,,,,,
20358.0,,,,,,,,,,,,,,,,,
20359.0,,,,,,,,,,,,,,,,,
20360.0,,,,,,,,,,,,,,,,,
20361.0,,,,,,,,,,,,,,,,,
20362.0,,,,,,,,,,,,,,,,,
20372.0,,,,,,,,,,,,,,,,,
20373.0,,,,,,,,,,,,,,,,,
20869.0,,,,,,,,,,,,,,,,,
20870.0,,,,,,,,,,,,,,,,,
20872.0,,,,,,,,,,,,,,,,,
20875.0,,,,,,,,,,,,,,,,,
20876.0,,,,,,,,,,,,,,,,,
20877.0,,,,,,,,,,,,,,,,,
20881.0,,,,,,,,,,,,,,,,,
20883.0,,,,,,,,,,,,,,,,,
20884.0,,,,,,,,,,,,,,,,,
20896.0,,,,,,,,,,,,,,,,,
21013.0,,,,,,,,,,,,,,,,,
21019.0,,,,,,,,,,,,,,,,,
21021.0,,,,,,,,,,,,,,,,,
21022.0,,,,,,,,,,,,,,,,,
21023.0,,,,,,,,,,,,,,,,,
21024.0,,,,,,,,,,,,,,,,,
21047.0,,,,,,,,,,,,,,,,,
21048.0,,,,,,,,,,,,,,,,,
21049.0,,,,,,,,,,,,,,,,,
21054.0,,,,,,,,,,,,,,,,,
21062.0,,,,,,,,,,,,,,,,,
21072.0,,,,,,,,,,,,,,,,,
21077.0,,,,,,,,,,,,,,,,,
21084.0,,,,,,,,,,,,,,,,,
21085.0,,,,,,,,,,,,,,,,,
21091.0,,,,,,,,,,,,,,,,,
21092.0,,,,,,,,,,,,,,,,,
21093.0,,,,,,,,,,,,,,,,,
21094.0,,,,,,,,,,,,,,,,,
21095.0,,,,,,,,,,,,,,,,,
21096.0,,,,,,,,,,,,,,,,,
21097.0,,,,,,,,,,,,,,,,,
21098.0,,,,,,,,,,,,,,,,,
21122.0,,,,,,,,,,,,,,,,,
21128.0,,,,,,,,,,,,,,,,,
21182.0,,,,,,,,,,,,,,,,,
21184.0,,,,,,,,,,,,,,,,,
21185.0,,,,,,,,,,,,,,,,,
21195.0,,,,,,,,,,,,,,,,,
21199.0,,,,,,,,,,,,,,,,,
21200.0,,,,,,,,,,,,,,,,,
21201.0,,,,,,,,,,,,,,,,,
21202.0,,,,,,,,,,,,,,,,,
21203.0,,,,,,,,,,,,,,,,,
21204.0,,,,,,,,,,,,,,,,,
21205.0,,,,,,,,,,,,,,,,,
21206.0,,,,,,,,,,,,,,,,,
21213.0,,,,,,,,,,,,,,,,,
21214.0,,,,,,,,,,,,,,,,,
21215.0,,,,,,,,,,,,,,,,,
21216.0,,,,,,,,,,,,,,,,,
21217.0,,,,,,,,,,,,,,,,,
21218.0,,,,,,,,,,,,,,,,,
21219.0,,,,,,,,,,,,,,,,,
21220.0,,,,,,,,,,,,,,,,,
21221.0,,,,,,,,,,,,,,,,,
21222.0,,,,,,,,,,,,,,,,,
21223.0,,,,,,,,,,,,,,,,,
21224.0,,,,,,,,,,,,,,,,,
21225.0,,,,,,,,,,,,,,,,,
21226.0,,,,,,,,,,,,,,,,,
21228.0,,,,,,,,,,,,,,,,,
21229.0,,,,,,,,,,,,,,,,,
21230.0,,,,,,,,,,,,,,,,,
21231.0,,,,,,,,,,,,,,,,,
21232.0,,,,,,,,,,,,,,,,,
21233.0,,,,,,,,,,,,,,,,,
21249.0,,,,,,,,,,,,,,,,,
21273.0,,,,,,,,,,,,,,,,,
21274.0,,,,,,,,,,,,,,,,,
21275.0,,,,,,,,,,,,,,,,,
21276.0,,,,,,,,,,,,,,,,,
21296.0,,,,,,,,,,,,,,,,,
21306.0,,,,,,,,,,,,,,,,,
21308.0,,,,,,,,,,,,,,,,,
21309.0,,,,,,,,,,,,,,,,,
21311.0,,,,,,,,,,,,,,,,,
21312.0,,,,,,,,,,,,,,,,,
21314.0,,,,,,,,,,,,,,,,,
21315.0,,,,,,,,,,,,,,,,,
21318.0,,,,,,,,,,,,,,,,,
21319.0,,,,,,,,,,,,,,,,,
21320.0,,,,,,,,,,,,,,,,,
21321.0,,,,,,,,,,,,,,,,,
21322.0,,,,,,,,,,,,,,,,,
21324.0,,,,,,,,,,,,,,,,,
21325.0,,,,,,,,,,,,,,,,,
21326.0,,,,,,,,,,,,,,,,,
21327.0,,,,,,,,,,,,,,,,,
21328.0,,,,,,,,,,,,,,,,,
21397.0,,,,,,,,,,,,,,,,,
21398.0,,,,,,,,,,,,,,,,,
21399.0,,,,,,,,,,,,,,,,,
21400.0,,,,,,,,,,,,,,,,,
21401.0,,,,,,,,,,,,,,,,,
21419.0,,,,,,,,,,,,,,,,,
21420.0,,,,,,,,,,,,,,,,,
21421.0,,,,,,,,,,,,,,,,,
21422.0,,,,,,,,,,,,,,,,,
21423.0,,,,,,,,,,,,,,,,,
21424.0,,,,,,,,,,,,,,,,,
21425.0,,,,,,,,,,,,,,,,,
21426.0,,,,,,,,,,,,,,,,,
21427.0,,,,,,,,,,,,,,,,,
21428.0,,,,,,,,,,,,,,,,,
21429.0,,,,,,,,,,,,,,,,,
21437.0,,,,,,,,,,,,,,,,,
21445.0,,,,,,,,,,,,,,,,,
21446.0,,,,,,,,,,,,,,,,,
21550.0,,,,,,,,,,,,,,,,,
21551.0,,,,,,,,,,,,,,,,,
21565.0,,,,,,,,,,,,,,,,,
21566.0,,,,,,,,,,,,,,,,,
21567.0,,,,,,,,,,,,,,,,,
21570.0,,,,,,,,,,,,,,,,,
21571.0,,,,,,,,,,,,,,,,,
21580.0,,,,,,,,,,,,,,,,,
21581.0,,,,,,,,,,,,,,,,,
21608.0,,,,,,,,,,,,,,,,,
21609.0,,,,,,,,,,,,,,,,,
21611.0,,,,,,,,,,,,,,,,,
21614.0,,,,,,,,,,,,,,,,,
21615.0,,,,,,,,,,,,,,,,,
21616.0,,,,,,,,,,,,,,,,,
21617.0,,,,,,,,,,,,,,,,,
21619.0,,,,,,,,,,,,,,,,,
21620.0,,,,,,,,,,,,,,,,,
21621.0,,,,,,,,,,,,,,,,,
21627.0,,,,,,,,,,,,,,,,,
21628.0,,,,,,,,,,,,,,,,,
21638.0,,,,,,,,,,,,,,,,,
21639.0,,,,,,,,,,,,,,,,,
21640.0,,,,,,,,,,,,,,,,,
21641.0,,,,,,,,,,,,,,,,,
21642.0,,,,,,,,,,,,,,,,,
21643.0,,,,,,,,,,,,,,,,,
21644.0,,,,,,,,,,,,,,,,,
21645.0,,,,,,,,,,,,,,,,,
21646.0,,,,,,,,,,,,,,,,,
21647.0,,,,,,,,,,,,,,,,,
21648.0,,,,,,,,,,,,,,,,,
21650.0,,,,,,,,,,,,,,,,,
21658.0,,,,,,,,,,,,,,,,,
21659.0,,,,,,,,,,,,,,,,,
21660.0,,,,,,,,,,,,,,,,,
21661.0,,,,,,,,,,,,,,,,,
21662.0,,,,,,,,,,,,,,,,,
21663.0,,,,,,,,,,,,,,,,,
21664.0,,,,,,,,,,,,,,,,,
21665.0,,,,,,,,,,,,,,,,,
21666.0,,,,,,,,,,,,,,,,,
21667.0,,,,,,,,,,,,,,,,,
21668.0,,,,,,,,,,,,,,,,,
21669.0,,,,,,,,,,,,,,,,,
21670.0,,,,,,,,,,,,,,,,,
21671.0,,,,,,,,,,,,,,,,,
21672.0,,,,,,,,,,,,,,,,,
21673.0,,,,,,,,,,,,,,,,,
21674.0,,,,,,,,,,,,,,,,,
21675.0,,,,,,,,,,,,,,,,,
21677.0,,,,,,,,,,,,,,,,,
21686.0,,,,,,,,,,,,,,,,,
21690.0,,,,,,,,,,,,,,,,,
21691.0,,,,,,,,,,,,,,,,,
21696.0,,,,,,,,,,,,,,,,,
21698.0,,,,,,,,,,,,,,,,,
21699.0,,,,,,,,,,,,,,,,,
21700.0,,,,,,,,,,,,,,,,,
21707.0,,,,,,,,,,,,,,,,,
21709.0,,,,,,,,,,,,,,,,,
21713.0,,,,,,,,,,,,,,,,,
21740.0,,,,,,,,,,,,,,,,,
21741.0,,,,,,,,,,,,,,,,,
21793.0,,,,,,,,,,,,,,,,,
21794.0,,,,,,,,,,,,,,,,,
21795.0,,,,,,,,,,,,,,,,,
21796.0,,,,,,,,,,,,,,,,,
21818.0,,,,,,,,,,,,,,,,,
21819.0,,,,,,,,,,,,,,,,,
21820.0,,,,,,,,,,,,,,,,,
21821.0,,,,,,,,,,,,,,,,,
21825.0,,,,,,,,,,,,,,,,,
21828.0,,,,,,,,,,,,,,,,,
21843.0,,,,,,,,,,,,,,,,,
21844.0,,,,,,,,,,,,,,,,,
21845.0,,,,,,,,,,,,,,,,,
21846.0,,,,,,,,,,,,,,,,,
21847.0,,,,,,,,,,,,,,,,,
21858.0,,,,,,,,,,,,,,,,,
21859.0,,,,,,,,,,,,,,,,,
21860.0,,,,,,,,,,,,,,,,,
21861.0,,,,,,,,,,,,,,,,,
21863.0,,,,,,,,,,,,,,,,,
21874.0,,,,,,,,,,,,,,,,,
21882.0,,,,,,,,,,,,,,,,,
21884.0,,,,,,,,,,,,,,,,,
21885.0,,,,,,,,,,,,,,,,,
21886.0,,,,,,,,,,,,,,,,,
21887.0,,,,,,,,,,,,,,,,,
21888.0,,,,,,,,,,,,,,,,,
21890.0,,,,,,,,,,,,,,,,,
21894.0,,,,,,,,,,,,,,,,,
21895.0,,,,,,,,,,,,,,,,,
21896.0,,,,,,,,,,,,,,,,,
21897.0,,,,,,,,,,,,,,,,,
21898.0,,,,,,,,,,,,,,,,,
21899.0,,,,,,,,,,,,,,,,,
21900.0,,,,,,,,,,,,,,,,,
21903.0,,,,,,,,,,,,,,,,,
21904.0,,,,,,,,,,,,,,,,,
21905.0,,,,,,,,,,,,,,,,,
21953.0,,,,,,,,,,,,,,,,,
21954.0,,,,,,,,,,,,,,,,,
21955.0,,,,,,,,,,,,,,,,,
21978.0,,,,,,,,,,,,,,,,,
21979.0,,,,,,,,,,,,,,,,,
21980.0,,,,,,,,,,,,,,,,,
21981.0,,,,,,,,,,,,,,,,,
21982.0,,,,,,,,,,,,,,,,,
21983.0,,,,,,,,,,,,,,,,,
21985.0,,,,,,,,,,,,,,,,,
21986.0,,,,,,,,,,,,,,,,,
21987.0,,,,,,,,,,,,,,,,,
21988.0,,,,,,,,,,,,,,,,,
22011.0,,,,,,,,,,,,,,,,,
22044.0,,,,,,,,,,,,,,,,,
22045.0,,,,,,,,,,,,,,,,,
22046.0,,,,,,,,,,,,,,,,,
22322.0,,,,,,,,,,,,,,,,,
22324.0,,,,,,,,,,,,,,,,,
22326.0,,,,,,,,,,,,,,,,,
22333.0,,,,,,,,,,,,,,,,,
22472.0,,,,,,,,,,,,,,,,,
22495.0,,,,,,,,,,,,,,,,,
22498.0,,,,,,,,,,,,,,,,,
22499.0,,,,,,,,,,,,,,,,,
22505.0,,,,,,,,,,,,,,,,,
22514.0,,,,,,,,,,,,,,,,,
23325.0,,,,,,,,,,,,,,,,,
23405.0,,,,,,,,,,,,,,,,,
23406.0,,,,,,,,,,,,,,,,,
23416.0,,,,,,,,,,,,,,,,,
23517.0,,,,,,,,,,,,,,,,,
23519.0,,,,,,,,,,,,,,,,,
24250.0,,,,,,,,,,,,,,,,,
24261.0,,,,,,,,,,,,,,,,,
24262.0,,,,,,,,,,,,,,,,,
24276.0,,,,,,,,,,,,,,,,,
24296.0,,,,,,,,,,,,,,,,,
24327.0,,,,,,,,,,,,,,,,,
24328.0,,,,,,,,,,,,,,,,,
24329.0,,,,,,,,,,,,,,,,,
24330.0,,,,,,,,,,,,,,,,,
24334.0,,,,,,,,,,,,,,,,,
24335.0,,,,,,,,,,,,,,,,,
24374.0,,,,,,,,,,,,,,,,,
24392.0,,,,,,,,,,,,,,,,,
24397.0,,,,,,,,,,,,,,,,,
24398.0,,,,,,,,,,,,,,,,,
24400.0,,,,,,,,,,,,,,,,,
24401.0,,,,,,,,,,,,,,,,,
24404.0,,,,,,,,,,,,,,,,,
24405.0,,,,,,,,,,,,,,,,,
24406.0,,,,,,,,,,,,,,,,,
24407.0,,,,,,,,,,,,,,,,,
24408.0,,,,,,,,,,,,,,,,,
24409.0,,,,,,,,,,,,,,,,,
24413.0,,,,,,,,,,,,,,,,,
24414.0,,,,,,,,,,,,,,,,,
24415.0,,,,,,,,,,,,,,,,,
24416.0,,,,,,,,,,,,,,,,,
24417.0,,,,,,,,,,,,,,,,,
24421.0,,,,,,,,,,,,,,,,,
24422.0,,,,,,,,,,,,,,,,,
24430.0,,,,,,,,,,,,,,,,,
24445.0,,,,,,,,,,,,,,,,,
24451.0,,,,,,,,,,,,,,,,,
24464.0,,,,,,,,,,,,,,,,,
24465.0,,,,,,,,,,,,,,,,,
24466.0,,,,,,,,,,,,,,,,,
24499.0,,,,,,,,,,,,,,,,,
24500.0,,,,,,,,,,,,,,,,,
24502.0,,,,,,,,,,,,,,,,,
24517.0,,,,,,,,,,,,,,,,,
24519.0,,,,,,,,,,,,,,,,,
24520.0,,,,,,,,,,,,,,,,,
24522.0,,,,,,,,,,,,,,,,,
24524.0,,,,,,,,,,,,,,,,,
24525.0,,,,,,,,,,,,,,,,,
24527.0,,,,,,,,,,,,,,,,,
24528.0,,,,,,,,,,,,,,,,,
24529.0,,,,,,,,,,,,,,,,,
24531.0,,,,,,,,,,,,,,,,,
24532.0,,,,,,,,,,,,,,,,,
24538.0,,,,,,,,,,,,,,,,,
24540.0,,,,,,,,,,,,,,,,,
24547.0,,,,,,,,,,,,,,,,,
24550.0,,,,,,,,,,,,,,,,,
24551.0,,,,,,,,,,,,,,,,,
24552.0,,,,,,,,,,,,,,,,,
24554.0,,,,,,,,,,,,,,,,,
24556.0,,,,,,,,,,,,,,,,,
24557.0,,,,,,,,,,,,,,,,,
24558.0,,,,,,,,,,,,,,,,,
24561.0,,,,,,,,,,,,,,,,,
24562.0,,,,,,,,,,,,,,,,,
24563.0,,,,,,,,,,,,,,,,,
24615.0,,,,,,,,,,,,,,,,,
24617.0,,,,,,,,,,,,,,,,,
24630.0,,,,,,,,,,,,,,,,,
24631.0,,,,,,,,,,,,,,,,,
24632.0,,,,,,,,,,,,,,,,,
24633.0,,,,,,,,,,,,,,,,,
24634.0,,,,,,,,,,,,,,,,,
24635.0,,,,,,,,,,,,,,,,,
24641.0,,,,,,,,,,,,,,,,,
24652.0,,,,,,,,,,,,,,,,,
24660.0,,,,,,,,,,,,,,,,,
24663.0,,,,,,,,,,,,,,,,,
24678.0,,,,,,,,,,,,,,,,,
24679.0,,,,,,,,,,,,,,,,,
24680.0,,,,,,,,,,,,,,,,,
24681.0,,,,,,,,,,,,,,,,,
24682.0,,,,,,,,,,,,,,,,,
24685.0,,,,,,,,,,,,,,,,,
24686.0,,,,,,,,,,,,,,,,,
24687.0,,,,,,,,,,,,,,,,,
24699.0,,,,,,,,,,,,,,,,,
24700.0,,,,,,,,,,,,,,,,,
24701.0,,,,,,,,,,,,,,,,,
24702.0,,,,,,,,,,,,,,,,,
24703.0,,,,,,,,,,,,,,,,,
24707.0,,,,,,,,,,,,,,,,,
24711.0,,,,,,,,,,,,,,,,,
24712.0,,,,,,,,,,,,,,,,,
24722.0,,,,,,,,,,,,,,,,,
24724.0,,,,,,,,,,,,,,,,,
24729.0,,,,,,,,,,,,,,,,,
24732.0,,,,,,,,,,,,,,,,,
24747.0,,,,,,,,,,,,,,,,,
24749.0,,,,,,,,,,,,,,,,,
24751.0,,,,,,,,,,,,,,,,,
24752.0,,,,,,,,,,,,,,,,,
24753.0,,,,,,,,,,,,,,,,,
24754.0,,,,,,,,,,,,,,,,,
24755.0,,,,,,,,,,,,,,,,,
24756.0,,,,,,,,,,,,,,,,,
24782.0,,,,,,,,,,,,,,,,,
24791.0,,,,,,,,,,,,,,,,,
24792.0,,,,,,,,,,,,,,,,,
24793.0,,,,,,,,,,,,,,,,,
24794.0,,,,,,,,,,,,,,,,,
24795.0,,,,,,,,,,,,,,,,,
24798.0,,,,,,,,,,,,,,,,,
24800.0,,,,,,,,,,,,,,,,,
24826.0,,,,,,,,,,,,,,,,,
24828.0,,,,,,,,,,,,,,,,,
24829.0,,,,,,,,,,,,,,,,,
24830.0,,,,,,,,,,,,,,,,,
24852.0,,,,,,,,,,,,,,,,,
24853.0,,,,,,,,,,,,,,,,,
24857.0,,,,,,,,,,,,,,,,,
